Date,Maintenance Type,Weight
2023-01-01,Regular Inspection,0.27341722287838566
2023-01-02,Repair,0.27341722287838566
2023-01-03,Regular Inspection,0.27341722287838566
2023-01-04,Repair,0.27341722287838566
2023-01-05,Regular Inspection,0.27341722287838566
2023-01-06,Repair,0.27341722287838566
2023-01-07,Component Replacement,0.27341722287838566
2023-01-08,Regular Inspection,0.27341722287838566
2023-01-09,Regular Inspection,0.27341722287838566
2023-01-10,Repair,0.27341722287838566
2023-01-11,Regular Inspection,0.27341722287838566
2023-01-12,Component Replacement,0.27341722287838566
2023-01-13,Component Replacement,0.27341722287838566
2023-01-14,Component Replacement,0.27341722287838566
2023-01-15,Repair,0.27341722287838566
2023-01-16,Repair,0.27341722287838566
2023-01-17,Component Replacement,0.27341722287838566
2023-01-18,Regular Inspection,0.27341722287838566
2023-01-19,Regular Inspection,0.27341722287838566
2023-01-20,Regular Inspection,0.27341722287838566
2023-01-21,Repair,0.27341722287838566
2023-01-22,Regular Inspection,0.27341722287838566
2023-01-23,Repair,0.27341722287838566
2023-01-24,Component Replacement,0.27341722287838566
2023-01-25,Regular Inspection,0.27341722287838566
2023-01-26,Repair,0.27341722287838566
2023-01-27,Regular Inspection,0.27341722287838566
2023-01-28,Repair,0.27341722287838566
2023-01-29,Regular Inspection,0.27341722287838566
2023-01-30,Regular Inspection,0.27341722287838566
2023-01-31,Regular Inspection,0.27341722287838566
2023-02-01,Repair,0.27341722287838566
2023-02-02,Component Replacement,0.27341722287838566
2023-02-03,Component Replacement,0.27341722287838566
2023-02-04,Component Replacement,0.27341722287838566
2023-02-05,Component Replacement,0.27341722287838566
2023-02-06,Component Replacement,0.27341722287838566
2023-02-07,Component Replacement,0.27341722287838566
2023-02-08,Component Replacement,0.27341722287838566
2023-02-09,Repair,0.27341722287838566
2023-02-10,Regular Inspection,0.27341722287838566
2023-02-11,Regular Inspection,0.27341722287838566
2023-02-12,Regular Inspection,0.27341722287838566
2023-02-13,Component Replacement,0.27341722287838566
2023-02-14,Repair,0.27341722287838566
2023-02-15,Component Replacement,0.27341722287838566
2023-02-16,Regular Inspection,0.27341722287838566
2023-02-17,Repair,0.27341722287838566
2023-02-18,Regular Inspection,0.27341722287838566
2023-02-19,Component Replacement,0.27341722287838566
2023-02-20,Component Replacement,0.27341722287838566
2023-02-21,Component Replacement,0.27341722287838566
2023-02-22,Component Replacement,0.27341722287838566
2023-02-23,Regular Inspection,0.27341722287838566
2023-02-24,Regular Inspection,0.27341722287838566
2023-02-25,Component Replacement,0.27341722287838566
2023-02-26,Component Replacement,0.27341722287838566
2023-02-27,Repair,0.27341722287838566
2023-02-28,Component Replacement,0.27341722287838566
2023-03-01,Regular Inspection,0.27341722287838566
2023-03-02,Component Replacement,0.27341722287838566
2023-03-03,Regular Inspection,0.27341722287838566
2023-03-04,Component Replacement,0.27341722287838566
2023-03-05,Component Replacement,0.27341722287838566
2023-03-06,Component Replacement,0.27341722287838566
2023-03-07,Repair,0.27341722287838566
2023-03-08,Component Replacement,0.27341722287838566
2023-03-09,Component Replacement,0.27341722287838566
2023-03-10,Component Replacement,0.27341722287838566
2023-03-11,Regular Inspection,0.27341722287838566
2023-03-12,Repair,0.27341722287838566
2023-03-13,Regular Inspection,0.27341722287838566
2023-03-14,Repair,0.27341722287838566
2023-03-15,Repair,0.27341722287838566
2023-03-16,Repair,0.27341722287838566
2023-03-17,Component Replacement,0.27341722287838566
2023-03-18,Component Replacement,0.27341722287838566
2023-03-19,Regular Inspection,0.27341722287838566
2023-03-20,Repair,0.27341722287838566
2023-03-21,Regular Inspection,0.27341722287838566
2023-03-22,Regular Inspection,0.27341722287838566
2023-03-23,Regular Inspection,0.27341722287838566
2023-03-24,Component Replacement,0.27341722287838566
2023-03-25,Regular Inspection,0.27341722287838566
2023-03-26,Component Replacement,0.27341722287838566
2023-03-27,Component Replacement,0.27341722287838566
2023-03-28,Component Replacement,0.27341722287838566
2023-03-29,Regular Inspection,0.27341722287838566
2023-03-30,Regular Inspection,0.27341722287838566
2023-03-31,Component Replacement,0.27341722287838566
2023-04-01,Repair,0.27341722287838566
2023-04-02,Repair,0.27341722287838566
2023-04-03,Repair,0.27341722287838566
2023-04-04,Regular Inspection,0.27341722287838566
2023-04-05,Regular Inspection,0.27341722287838566
2023-04-06,Component Replacement,0.27341722287838566
2023-04-07,Repair,0.27341722287838566
2023-04-08,Component Replacement,0.27341722287838566
2023-04-09,Repair,0.27341722287838566
2023-04-10,Component Replacement,0.27341722287838566
2023-04-11,Regular Inspection,0.27341722287838566
2023-04-12,Repair,0.27341722287838566
2023-04-13,Regular Inspection,0.27341722287838566
2023-04-14,Repair,0.27341722287838566
2023-04-15,Regular Inspection,0.27341722287838566
2023-04-16,Repair,0.27341722287838566
2023-04-17,Component Replacement,0.27341722287838566
2023-04-18,Component Replacement,0.27341722287838566
2023-04-19,Component Replacement,0.27341722287838566
2023-04-20,Component Replacement,0.27341722287838566
2023-04-21,Regular Inspection,0.27341722287838566
2023-04-22,Repair,0.27341722287838566
2023-04-23,Repair,0.27341722287838566
2023-04-24,Repair,0.27341722287838566
2023-04-25,Component Replacement,0.27341722287838566
2023-04-26,Regular Inspection,0.27341722287838566
2023-04-27,Regular Inspection,0.27341722287838566
2023-04-28,Repair,0.27341722287838566
2023-04-29,Component Replacement,0.27341722287838566
2023-04-30,Repair,0.27341722287838566
2023-05-01,Regular Inspection,0.27341722287838566
2023-05-02,Regular Inspection,0.27341722287838566
2023-05-03,Component Replacement,0.27341722287838566
2023-05-04,Regular Inspection,0.27341722287838566
2023-05-05,Component Replacement,0.27341722287838566
2023-05-06,Repair,0.27341722287838566
2023-05-07,Regular Inspection,0.27341722287838566
2023-05-08,Repair,0.27341722287838566
2023-05-09,Component Replacement,0.27341722287838566
2023-05-10,Regular Inspection,0.27341722287838566
2023-05-11,Repair,0.27341722287838566
2023-05-12,Repair,0.27341722287838566
2023-05-13,Component Replacement,0.27341722287838566
2023-05-14,Regular Inspection,0.27341722287838566
2023-05-15,Regular Inspection,0.27341722287838566
2023-05-16,Component Replacement,0.27341722287838566
2023-05-17,Component Replacement,0.27341722287838566
2023-05-18,Repair,0.27341722287838566
2023-05-19,Repair,0.27341722287838566
2023-05-20,Repair,0.27341722287838566
2023-05-21,Component Replacement,0.27341722287838566
2023-05-22,Regular Inspection,0.27341722287838566
2023-05-23,Component Replacement,0.27341722287838566
2023-05-24,Component Replacement,0.27341722287838566
2023-05-25,Repair,0.27341722287838566
2023-05-26,Repair,0.27341722287838566
2023-05-27,Component Replacement,0.27341722287838566
2023-05-28,Regular Inspection,0.27341722287838566
2023-05-29,Repair,0.27341722287838566
2023-05-30,Repair,0.27341722287838566
2023-05-31,Repair,0.27341722287838566
2023-06-01,Component Replacement,0.27341722287838566
2023-06-02,Component Replacement,0.27341722287838566
2023-06-03,Regular Inspection,0.27341722287838566
2023-06-04,Component Replacement,0.27341722287838566
2023-06-05,Component Replacement,0.27341722287838566
2023-06-06,Regular Inspection,0.27341722287838566
2023-06-07,Repair,0.27341722287838566
2023-06-08,Component Replacement,0.27341722287838566
2023-06-09,Component Replacement,0.27341722287838566
2023-06-10,Repair,0.27341722287838566
2023-06-11,Component Replacement,0.27341722287838566
2023-06-12,Component Replacement,0.27341722287838566
2023-06-13,Repair,0.27341722287838566
2023-06-14,Repair,0.27341722287838566
2023-06-15,Component Replacement,0.27341722287838566
2023-06-16,Repair,0.27341722287838566
2023-06-17,Component Replacement,0.27341722287838566
2023-06-18,Repair,0.27341722287838566
2023-06-19,Repair,0.27341722287838566
2023-06-20,Component Replacement,0.27341722287838566
2023-06-21,Component Replacement,0.27341722287838566
2023-06-22,Repair,0.27341722287838566
2023-06-23,Repair,0.27341722287838566
2023-06-24,Regular Inspection,0.27341722287838566
2023-06-25,Regular Inspection,0.27341722287838566
2023-06-26,Repair,0.27341722287838566
2023-06-27,Component Replacement,0.27341722287838566
2023-06-28,Regular Inspection,0.27341722287838566
2023-06-29,Component Replacement,0.27341722287838566
2023-06-30,Regular Inspection,0.27341722287838566
2023-07-01,Repair,0.27341722287838566
2023-07-02,Regular Inspection,0.27341722287838566
2023-07-03,Component Replacement,0.27341722287838566
2023-07-04,Component Replacement,0.27341722287838566
2023-07-05,Regular Inspection,0.27341722287838566
2023-07-06,Component Replacement,0.27341722287838566
2023-07-07,Repair,0.27341722287838566
2023-07-08,Component Replacement,0.27341722287838566
2023-07-09,Component Replacement,0.27341722287838566
2023-07-10,Regular Inspection,0.27341722287838566
2023-07-11,Repair,0.27341722287838566
2023-07-12,Repair,0.27341722287838566
2023-07-13,Component Replacement,0.27341722287838566
2023-07-14,Regular Inspection,0.27341722287838566
2023-07-15,Regular Inspection,0.27341722287838566
2023-07-16,Component Replacement,0.27341722287838566
2023-07-17,Regular Inspection,0.27341722287838566
2023-07-18,Regular Inspection,0.27341722287838566
2023-07-19,Component Replacement,0.27341722287838566
2023-07-20,Repair,0.27341722287838566
2023-07-21,Regular Inspection,0.27341722287838566
2023-07-22,Regular Inspection,0.27341722287838566
2023-07-23,Repair,0.27341722287838566
2023-07-24,Regular Inspection,0.27341722287838566
2023-07-25,Regular Inspection,0.27341722287838566
2023-07-26,Regular Inspection,0.27341722287838566
2023-07-27,Component Replacement,0.27341722287838566
2023-07-28,Component Replacement,0.27341722287838566
2023-07-29,Component Replacement,0.27341722287838566
2023-07-30,Repair,0.27341722287838566
2023-07-31,Regular Inspection,0.27341722287838566
2023-08-01,Regular Inspection,0.27341722287838566
2023-08-02,Regular Inspection,0.27341722287838566
2023-08-03,Component Replacement,0.27341722287838566
2023-08-04,Component Replacement,0.27341722287838566
2023-08-05,Regular Inspection,0.27341722287838566
2023-08-06,Repair,0.27341722287838566
2023-08-07,Component Replacement,0.27341722287838566
2023-08-08,Regular Inspection,0.27341722287838566
2023-08-09,Repair,0.27341722287838566
2023-08-10,Regular Inspection,0.27341722287838566
2023-08-11,Regular Inspection,0.27341722287838566
2023-08-12,Regular Inspection,0.27341722287838566
2023-08-13,Regular Inspection,0.27341722287838566
2023-08-14,Component Replacement,0.27341722287838566
2023-08-15,Repair,0.27341722287838566
2023-08-16,Regular Inspection,0.27341722287838566
2023-08-17,Regular Inspection,0.27341722287838566
2023-08-18,Regular Inspection,0.27341722287838566
2023-08-19,Regular Inspection,0.27341722287838566
2023-08-20,Repair,0.27341722287838566
2023-08-21,Repair,0.27341722287838566
2023-08-22,Component Replacement,0.27341722287838566
2023-08-23,Component Replacement,0.27341722287838566
2023-08-24,Component Replacement,0.27341722287838566
2023-08-25,Repair,0.27341722287838566
2023-08-26,Component Replacement,0.27341722287838566
2023-08-27,Regular Inspection,0.27341722287838566
2023-08-28,Component Replacement,0.27341722287838566
2023-08-29,Repair,0.27341722287838566
2023-08-30,Component Replacement,0.27341722287838566
2023-08-31,Repair,0.27341722287838566
2023-09-01,Component Replacement,0.27341722287838566
2023-09-02,Component Replacement,0.27341722287838566
2023-09-03,Regular Inspection,0.27341722287838566
2023-09-04,Regular Inspection,0.27341722287838566
2023-09-05,Repair,0.27341722287838566
2023-09-06,Regular Inspection,0.27341722287838566
2023-09-07,Component Replacement,0.27341722287838566
2023-09-08,Component Replacement,0.27341722287838566
2023-09-09,Component Replacement,0.27341722287838566
2023-09-10,Regular Inspection,0.27341722287838566
2023-09-11,Component Replacement,0.27341722287838566
2023-09-12,Regular Inspection,0.27341722287838566
2023-09-13,Component Replacement,0.27341722287838566
2023-09-14,Component Replacement,0.27341722287838566
2023-09-15,Component Replacement,0.27341722287838566
2023-09-16,Repair,0.27341722287838566
2023-09-17,Component Replacement,0.27341722287838566
2023-09-18,Component Replacement,0.27341722287838566
2023-09-19,Component Replacement,0.27341722287838566
2023-09-20,Repair,0.27341722287838566
2023-09-21,Repair,0.27341722287838566
2023-09-22,Component Replacement,0.27341722287838566
2023-09-23,Repair,0.27341722287838566
2023-09-24,Component Replacement,0.27341722287838566
2023-09-25,Component Replacement,0.27341722287838566
2023-09-26,Repair,0.27341722287838566
2023-09-27,Repair,0.27341722287838566
2023-09-28,Regular Inspection,0.27341722287838566
2023-09-29,Regular Inspection,0.27341722287838566
2023-09-30,Repair,0.27341722287838566
2023-10-01,Repair,0.27341722287838566
2023-10-02,Repair,0.27341722287838566
2023-10-03,Regular Inspection,0.27341722287838566
2023-10-04,Regular Inspection,0.27341722287838566
2023-10-05,Repair,0.27341722287838566
2023-10-06,Repair,0.27341722287838566
2023-10-07,Component Replacement,0.27341722287838566
2023-10-08,Component Replacement,0.27341722287838566
2023-10-09,Repair,0.27341722287838566
2023-10-10,Component Replacement,0.27341722287838566
2023-10-11,Repair,0.27341722287838566
2023-10-12,Regular Inspection,0.27341722287838566
2023-10-13,Repair,0.27341722287838566
2023-10-14,Component Replacement,0.27341722287838566
2023-10-15,Repair,0.27341722287838566
2023-10-16,Repair,0.27341722287838566
2023-10-17,Regular Inspection,0.27341722287838566
2023-10-18,Component Replacement,0.27341722287838566
2023-10-19,Component Replacement,0.27341722287838566
2023-10-20,Repair,0.27341722287838566
2023-10-21,Regular Inspection,0.27341722287838566
2023-10-22,Repair,0.27341722287838566
2023-10-23,Regular Inspection,0.27341722287838566
2023-10-24,Component Replacement,0.27341722287838566
2023-10-25,Regular Inspection,0.27341722287838566
2023-10-26,Regular Inspection,0.27341722287838566
2023-10-27,Repair,0.27341722287838566
2023-10-28,Component Replacement,0.27341722287838566
2023-10-29,Repair,0.27341722287838566
2023-10-30,Repair,0.27341722287838566
2023-10-31,Repair,0.27341722287838566
2023-11-01,Repair,0.27341722287838566
2023-11-02,Repair,0.27341722287838566
2023-11-03,Repair,0.27341722287838566
2023-11-04,Repair,0.27341722287838566
2023-11-05,Component Replacement,0.27341722287838566
2023-11-06,Regular Inspection,0.27341722287838566
2023-11-07,Regular Inspection,0.27341722287838566
2023-11-08,Repair,0.27341722287838566
2023-11-09,Regular Inspection,0.27341722287838566
2023-11-10,Repair,0.27341722287838566
2023-11-11,Repair,0.27341722287838566
2023-11-12,Regular Inspection,0.27341722287838566
2023-11-13,Repair,0.27341722287838566
2023-11-14,Component Replacement,0.27341722287838566
2023-11-15,Repair,0.27341722287838566
2023-11-16,Repair,0.27341722287838566
2023-11-17,Regular Inspection,0.27341722287838566
2023-11-18,Repair,0.27341722287838566
2023-11-19,Regular Inspection,0.27341722287838566
2023-11-20,Regular Inspection,0.27341722287838566
2023-11-21,Repair,0.27341722287838566
2023-11-22,Repair,0.27341722287838566
2023-11-23,Regular Inspection,0.27341722287838566
2023-11-24,Component Replacement,0.27341722287838566
2023-11-25,Regular Inspection,0.27341722287838566
2023-11-26,Regular Inspection,0.27341722287838566
2023-11-27,Component Replacement,0.27341722287838566
2023-11-28,Repair,0.27341722287838566
2023-11-29,Regular Inspection,0.27341722287838566
2023-11-30,Repair,0.27341722287838566
2023-12-01,Repair,0.27341722287838566
2023-12-02,Repair,0.27341722287838566
2023-12-03,Regular Inspection,0.27341722287838566
2023-12-04,Regular Inspection,0.27341722287838566
2023-12-05,Repair,0.27341722287838566
2023-12-06,Regular Inspection,0.27341722287838566
2023-12-07,Regular Inspection,0.27341722287838566
2023-12-08,Repair,0.27341722287838566
2023-12-09,Repair,0.27341722287838566
2023-12-10,Repair,0.27341722287838566
2023-12-11,Regular Inspection,0.27341722287838566
2023-12-12,Regular Inspection,0.27341722287838566
2023-12-13,Component Replacement,0.27341722287838566
2023-12-14,Regular Inspection,0.27341722287838566
2023-12-15,Repair,0.27341722287838566
2023-12-16,Regular Inspection,0.27341722287838566
2023-12-17,Repair,0.27341722287838566
2023-12-18,Repair,0.27341722287838566
2023-12-19,Regular Inspection,0.27341722287838566
2023-12-20,Repair,0.27341722287838566
2023-12-21,Regular Inspection,0.27341722287838566
2023-12-22,Component Replacement,0.27341722287838566
2023-12-23,Component Replacement,0.27341722287838566
2023-12-24,Repair,0.27341722287838566
2023-12-25,Repair,0.27341722287838566
2023-12-26,Component Replacement,0.27341722287838566
2023-12-27,Regular Inspection,0.27341722287838566
2023-12-28,Component Replacement,0.27341722287838566
2023-12-29,Component Replacement,0.27341722287838566
2023-12-30,Repair,0.27341722287838566
2023-12-31,Regular Inspection,0.27341722287838566
