Date,Maintenance Type,Weight
2022-01-31,Regular Inspection,0.9723701606550555
2022-02-28,Component Replacement,0.9723701606550555
2022-03-31,Repair,0.9723701606550555
2022-04-30,Repair,0.9723701606550555
2022-05-31,Component Replacement,0.9723701606550555
2022-06-30,Regular Inspection,0.9723701606550555
2022-07-31,Regular Inspection,0.9723701606550555
2022-08-31,Component Replacement,0.9723701606550555
2022-09-30,Repair,0.9723701606550555
2022-10-31,Component Replacement,0.9723701606550555
2022-11-30,Regular Inspection,0.9723701606550555
2022-12-31,Repair,0.9723701606550555
