Date,Maintenance Type,Weight
2021-01-01,Regular Inspection,1.0930256713621096
2021-01-02,Repair,1.0930256713621096
2021-01-03,Component Replacement,1.0930256713621096
2021-01-04,Regular Inspection,1.0930256713621096
2021-01-05,Regular Inspection,1.0930256713621096
2021-01-06,Regular Inspection,1.0930256713621096
2021-01-07,Repair,1.0930256713621096
2021-01-08,Repair,1.0930256713621096
2021-01-09,Repair,1.0930256713621096
2021-01-10,Repair,1.0930256713621096
2021-01-11,Component Replacement,1.0930256713621096
2021-01-12,Component Replacement,1.0930256713621096
2021-01-13,Regular Inspection,1.0930256713621096
2021-01-14,Regular Inspection,1.0930256713621096
2021-01-15,Component Replacement,1.0930256713621096
2021-01-16,Component Replacement,1.0930256713621096
2021-01-17,Repair,1.0930256713621096
2021-01-18,Component Replacement,1.0930256713621096
2021-01-19,Regular Inspection,1.0930256713621096
2021-01-20,Component Replacement,1.0930256713621096
2021-01-21,Repair,1.0930256713621096
2021-01-22,Repair,1.0930256713621096
2021-01-23,Component Replacement,1.0930256713621096
2021-01-24,Component Replacement,1.0930256713621096
2021-01-25,Repair,1.0930256713621096
2021-01-26,Repair,1.0930256713621096
2021-01-27,Repair,1.0930256713621096
2021-01-28,Component Replacement,1.0930256713621096
2021-01-29,Regular Inspection,1.0930256713621096
2021-01-30,Regular Inspection,1.0930256713621096
2021-01-31,Regular Inspection,1.0930256713621096
2021-02-01,Repair,1.0930256713621096
2021-02-02,Component Replacement,1.0930256713621096
2021-02-03,Repair,1.0930256713621096
2021-02-04,Repair,1.0930256713621096
2021-02-05,Regular Inspection,1.0930256713621096
2021-02-06,Regular Inspection,1.0930256713621096
2021-02-07,Regular Inspection,1.0930256713621096
2021-02-08,Regular Inspection,1.0930256713621096
2021-02-09,Regular Inspection,1.0930256713621096
2021-02-10,Regular Inspection,1.0930256713621096
2021-02-11,Repair,1.0930256713621096
2021-02-12,Component Replacement,1.0930256713621096
2021-02-13,Regular Inspection,1.0930256713621096
2021-02-14,Regular Inspection,1.0930256713621096
2021-02-15,Repair,1.0930256713621096
2021-02-16,Component Replacement,1.0930256713621096
2021-02-17,Regular Inspection,1.0930256713621096
2021-02-18,Component Replacement,1.0930256713621096
2021-02-19,Repair,1.0930256713621096
2021-02-20,Repair,1.0930256713621096
2021-02-21,Regular Inspection,1.0930256713621096
2021-02-22,Component Replacement,1.0930256713621096
2021-02-23,Regular Inspection,1.0930256713621096
2021-02-24,Regular Inspection,1.0930256713621096
2021-02-25,Regular Inspection,1.0930256713621096
2021-02-26,Regular Inspection,1.0930256713621096
2021-02-27,Repair,1.0930256713621096
2021-02-28,Repair,1.0930256713621096
2021-03-01,Regular Inspection,1.0930256713621096
2021-03-02,Repair,1.0930256713621096
2021-03-03,Component Replacement,1.0930256713621096
2021-03-04,Component Replacement,1.0930256713621096
2021-03-05,Component Replacement,1.0930256713621096
2021-03-06,Regular Inspection,1.0930256713621096
2021-03-07,Repair,1.0930256713621096
2021-03-08,Regular Inspection,1.0930256713621096
2021-03-09,Regular Inspection,1.0930256713621096
2021-03-10,Repair,1.0930256713621096
2021-03-11,Repair,1.0930256713621096
2021-03-12,Regular Inspection,1.0930256713621096
2021-03-13,Regular Inspection,1.0930256713621096
2021-03-14,Regular Inspection,1.0930256713621096
2021-03-15,Regular Inspection,1.0930256713621096
2021-03-16,Component Replacement,1.0930256713621096
2021-03-17,Component Replacement,1.0930256713621096
2021-03-18,Regular Inspection,1.0930256713621096
2021-03-19,Repair,1.0930256713621096
2021-03-20,Regular Inspection,1.0930256713621096
2021-03-21,Regular Inspection,1.0930256713621096
2021-03-22,Repair,1.0930256713621096
2021-03-23,Repair,1.0930256713621096
2021-03-24,Regular Inspection,1.0930256713621096
2021-03-25,Regular Inspection,1.0930256713621096
2021-03-26,Regular Inspection,1.0930256713621096
2021-03-27,Repair,1.0930256713621096
2021-03-28,Regular Inspection,1.0930256713621096
2021-03-29,Component Replacement,1.0930256713621096
2021-03-30,Repair,1.0930256713621096
2021-03-31,Repair,1.0930256713621096
2021-04-01,Repair,1.0930256713621096
2021-04-02,Regular Inspection,1.0930256713621096
2021-04-03,Regular Inspection,1.0930256713621096
2021-04-04,Regular Inspection,1.0930256713621096
2021-04-05,Component Replacement,1.0930256713621096
2021-04-06,Regular Inspection,1.0930256713621096
2021-04-07,Component Replacement,1.0930256713621096
2021-04-08,Component Replacement,1.0930256713621096
2021-04-09,Component Replacement,1.0930256713621096
2021-04-10,Repair,1.0930256713621096
2021-04-11,Component Replacement,1.0930256713621096
2021-04-12,Regular Inspection,1.0930256713621096
2021-04-13,Regular Inspection,1.0930256713621096
2021-04-14,Regular Inspection,1.0930256713621096
2021-04-15,Repair,1.0930256713621096
2021-04-16,Repair,1.0930256713621096
2021-04-17,Repair,1.0930256713621096
2021-04-18,Repair,1.0930256713621096
2021-04-19,Repair,1.0930256713621096
2021-04-20,Component Replacement,1.0930256713621096
2021-04-21,Regular Inspection,1.0930256713621096
2021-04-22,Component Replacement,1.0930256713621096
2021-04-23,Regular Inspection,1.0930256713621096
2021-04-24,Regular Inspection,1.0930256713621096
2021-04-25,Repair,1.0930256713621096
2021-04-26,Regular Inspection,1.0930256713621096
2021-04-27,Repair,1.0930256713621096
2021-04-28,Repair,1.0930256713621096
2021-04-29,Repair,1.0930256713621096
2021-04-30,Repair,1.0930256713621096
2021-05-01,Repair,1.0930256713621096
2021-05-02,Repair,1.0930256713621096
2021-05-03,Component Replacement,1.0930256713621096
2021-05-04,Component Replacement,1.0930256713621096
2021-05-05,Component Replacement,1.0930256713621096
2021-05-06,Regular Inspection,1.0930256713621096
2021-05-07,Component Replacement,1.0930256713621096
2021-05-08,Repair,1.0930256713621096
2021-05-09,Regular Inspection,1.0930256713621096
2021-05-10,Component Replacement,1.0930256713621096
2021-05-11,Component Replacement,1.0930256713621096
2021-05-12,Regular Inspection,1.0930256713621096
2021-05-13,Regular Inspection,1.0930256713621096
2021-05-14,Component Replacement,1.0930256713621096
2021-05-15,Regular Inspection,1.0930256713621096
2021-05-16,Component Replacement,1.0930256713621096
2021-05-17,Regular Inspection,1.0930256713621096
2021-05-18,Regular Inspection,1.0930256713621096
2021-05-19,Repair,1.0930256713621096
2021-05-20,Repair,1.0930256713621096
2021-05-21,Regular Inspection,1.0930256713621096
2021-05-22,Regular Inspection,1.0930256713621096
2021-05-23,Component Replacement,1.0930256713621096
2021-05-24,Regular Inspection,1.0930256713621096
2021-05-25,Regular Inspection,1.0930256713621096
2021-05-26,Repair,1.0930256713621096
2021-05-27,Component Replacement,1.0930256713621096
2021-05-28,Repair,1.0930256713621096
2021-05-29,Regular Inspection,1.0930256713621096
2021-05-30,Regular Inspection,1.0930256713621096
2021-05-31,Component Replacement,1.0930256713621096
2021-06-01,Regular Inspection,1.0930256713621096
2021-06-02,Repair,1.0930256713621096
2021-06-03,Repair,1.0930256713621096
2021-06-04,Regular Inspection,1.0930256713621096
2021-06-05,Repair,1.0930256713621096
2021-06-06,Component Replacement,1.0930256713621096
2021-06-07,Repair,1.0930256713621096
2021-06-08,Component Replacement,1.0930256713621096
2021-06-09,Repair,1.0930256713621096
2021-06-10,Regular Inspection,1.0930256713621096
2021-06-11,Regular Inspection,1.0930256713621096
2021-06-12,Repair,1.0930256713621096
2021-06-13,Component Replacement,1.0930256713621096
2021-06-14,Regular Inspection,1.0930256713621096
2021-06-15,Repair,1.0930256713621096
2021-06-16,Regular Inspection,1.0930256713621096
2021-06-17,Regular Inspection,1.0930256713621096
2021-06-18,Regular Inspection,1.0930256713621096
2021-06-19,Regular Inspection,1.0930256713621096
2021-06-20,Regular Inspection,1.0930256713621096
2021-06-21,Repair,1.0930256713621096
2021-06-22,Repair,1.0930256713621096
2021-06-23,Repair,1.0930256713621096
2021-06-24,Repair,1.0930256713621096
2021-06-25,Regular Inspection,1.0930256713621096
2021-06-26,Component Replacement,1.0930256713621096
2021-06-27,Regular Inspection,1.0930256713621096
2021-06-28,Regular Inspection,1.0930256713621096
2021-06-29,Regular Inspection,1.0930256713621096
2021-06-30,Regular Inspection,1.0930256713621096
2021-07-01,Regular Inspection,1.0930256713621096
2021-07-02,Component Replacement,1.0930256713621096
2021-07-03,Component Replacement,1.0930256713621096
2021-07-04,Component Replacement,1.0930256713621096
2021-07-05,Repair,1.0930256713621096
2021-07-06,Regular Inspection,1.0930256713621096
2021-07-07,Component Replacement,1.0930256713621096
2021-07-08,Component Replacement,1.0930256713621096
2021-07-09,Regular Inspection,1.0930256713621096
2021-07-10,Component Replacement,1.0930256713621096
2021-07-11,Repair,1.0930256713621096
2021-07-12,Regular Inspection,1.0930256713621096
2021-07-13,Regular Inspection,1.0930256713621096
2021-07-14,Regular Inspection,1.0930256713621096
2021-07-15,Repair,1.0930256713621096
2021-07-16,Repair,1.0930256713621096
2021-07-17,Repair,1.0930256713621096
2021-07-18,Component Replacement,1.0930256713621096
2021-07-19,Regular Inspection,1.0930256713621096
2021-07-20,Component Replacement,1.0930256713621096
2021-07-21,Component Replacement,1.0930256713621096
2021-07-22,Component Replacement,1.0930256713621096
2021-07-23,Component Replacement,1.0930256713621096
2021-07-24,Repair,1.0930256713621096
2021-07-25,Component Replacement,1.0930256713621096
2021-07-26,Regular Inspection,1.0930256713621096
2021-07-27,Component Replacement,1.0930256713621096
2021-07-28,Component Replacement,1.0930256713621096
2021-07-29,Component Replacement,1.0930256713621096
2021-07-30,Repair,1.0930256713621096
2021-07-31,Component Replacement,1.0930256713621096
2021-08-01,Component Replacement,1.0930256713621096
2021-08-02,Component Replacement,1.0930256713621096
2021-08-03,Regular Inspection,1.0930256713621096
2021-08-04,Repair,1.0930256713621096
2021-08-05,Regular Inspection,1.0930256713621096
2021-08-06,Repair,1.0930256713621096
2021-08-07,Regular Inspection,1.0930256713621096
2021-08-08,Component Replacement,1.0930256713621096
2021-08-09,Regular Inspection,1.0930256713621096
2021-08-10,Repair,1.0930256713621096
2021-08-11,Repair,1.0930256713621096
2021-08-12,Regular Inspection,1.0930256713621096
2021-08-13,Regular Inspection,1.0930256713621096
2021-08-14,Regular Inspection,1.0930256713621096
2021-08-15,Regular Inspection,1.0930256713621096
2021-08-16,Regular Inspection,1.0930256713621096
2021-08-17,Component Replacement,1.0930256713621096
2021-08-18,Component Replacement,1.0930256713621096
2021-08-19,Regular Inspection,1.0930256713621096
2021-08-20,Regular Inspection,1.0930256713621096
2021-08-21,Regular Inspection,1.0930256713621096
2021-08-22,Repair,1.0930256713621096
2021-08-23,Regular Inspection,1.0930256713621096
2021-08-24,Regular Inspection,1.0930256713621096
2021-08-25,Component Replacement,1.0930256713621096
2021-08-26,Regular Inspection,1.0930256713621096
2021-08-27,Regular Inspection,1.0930256713621096
2021-08-28,Regular Inspection,1.0930256713621096
2021-08-29,Component Replacement,1.0930256713621096
2021-08-30,Component Replacement,1.0930256713621096
2021-08-31,Repair,1.0930256713621096
2021-09-01,Component Replacement,1.0930256713621096
2021-09-02,Component Replacement,1.0930256713621096
2021-09-03,Regular Inspection,1.0930256713621096
2021-09-04,Repair,1.0930256713621096
2021-09-05,Repair,1.0930256713621096
2021-09-06,Component Replacement,1.0930256713621096
2021-09-07,Component Replacement,1.0930256713621096
2021-09-08,Component Replacement,1.0930256713621096
2021-09-09,Regular Inspection,1.0930256713621096
2021-09-10,Repair,1.0930256713621096
2021-09-11,Regular Inspection,1.0930256713621096
2021-09-12,Component Replacement,1.0930256713621096
2021-09-13,Repair,1.0930256713621096
2021-09-14,Component Replacement,1.0930256713621096
2021-09-15,Component Replacement,1.0930256713621096
2021-09-16,Component Replacement,1.0930256713621096
2021-09-17,Component Replacement,1.0930256713621096
2021-09-18,Regular Inspection,1.0930256713621096
2021-09-19,Repair,1.0930256713621096
2021-09-20,Repair,1.0930256713621096
2021-09-21,Regular Inspection,1.0930256713621096
2021-09-22,Regular Inspection,1.0930256713621096
2021-09-23,Repair,1.0930256713621096
2021-09-24,Regular Inspection,1.0930256713621096
2021-09-25,Regular Inspection,1.0930256713621096
2021-09-26,Regular Inspection,1.0930256713621096
2021-09-27,Regular Inspection,1.0930256713621096
2021-09-28,Regular Inspection,1.0930256713621096
2021-09-29,Regular Inspection,1.0930256713621096
2021-09-30,Component Replacement,1.0930256713621096
2021-10-01,Regular Inspection,1.0930256713621096
2021-10-02,Repair,1.0930256713621096
2021-10-03,Repair,1.0930256713621096
2021-10-04,Component Replacement,1.0930256713621096
2021-10-05,Repair,1.0930256713621096
2021-10-06,Repair,1.0930256713621096
2021-10-07,Regular Inspection,1.0930256713621096
2021-10-08,Repair,1.0930256713621096
2021-10-09,Component Replacement,1.0930256713621096
2021-10-10,Component Replacement,1.0930256713621096
2021-10-11,Regular Inspection,1.0930256713621096
2021-10-12,Repair,1.0930256713621096
2021-10-13,Component Replacement,1.0930256713621096
2021-10-14,Regular Inspection,1.0930256713621096
2021-10-15,Component Replacement,1.0930256713621096
2021-10-16,Regular Inspection,1.0930256713621096
2021-10-17,Regular Inspection,1.0930256713621096
2021-10-18,Repair,1.0930256713621096
2021-10-19,Component Replacement,1.0930256713621096
2021-10-20,Component Replacement,1.0930256713621096
2021-10-21,Regular Inspection,1.0930256713621096
2021-10-22,Repair,1.0930256713621096
2021-10-23,Component Replacement,1.0930256713621096
2021-10-24,Component Replacement,1.0930256713621096
2021-10-25,Component Replacement,1.0930256713621096
2021-10-26,Regular Inspection,1.0930256713621096
2021-10-27,Repair,1.0930256713621096
2021-10-28,Component Replacement,1.0930256713621096
2021-10-29,Repair,1.0930256713621096
2021-10-30,Component Replacement,1.0930256713621096
2021-10-31,Regular Inspection,1.0930256713621096
2021-11-01,Component Replacement,1.0930256713621096
2021-11-02,Component Replacement,1.0930256713621096
2021-11-03,Component Replacement,1.0930256713621096
2021-11-04,Repair,1.0930256713621096
2021-11-05,Component Replacement,1.0930256713621096
2021-11-06,Repair,1.0930256713621096
2021-11-07,Repair,1.0930256713621096
2021-11-08,Regular Inspection,1.0930256713621096
2021-11-09,Regular Inspection,1.0930256713621096
2021-11-10,Component Replacement,1.0930256713621096
2021-11-11,Regular Inspection,1.0930256713621096
2021-11-12,Regular Inspection,1.0930256713621096
2021-11-13,Repair,1.0930256713621096
2021-11-14,Component Replacement,1.0930256713621096
2021-11-15,Regular Inspection,1.0930256713621096
2021-11-16,Component Replacement,1.0930256713621096
2021-11-17,Repair,1.0930256713621096
2021-11-18,Repair,1.0930256713621096
2021-11-19,Component Replacement,1.0930256713621096
2021-11-20,Regular Inspection,1.0930256713621096
2021-11-21,Regular Inspection,1.0930256713621096
2021-11-22,Repair,1.0930256713621096
2021-11-23,Repair,1.0930256713621096
2021-11-24,Component Replacement,1.0930256713621096
2021-11-25,Component Replacement,1.0930256713621096
2021-11-26,Component Replacement,1.0930256713621096
2021-11-27,Repair,1.0930256713621096
2021-11-28,Component Replacement,1.0930256713621096
2021-11-29,Regular Inspection,1.0930256713621096
2021-11-30,Repair,1.0930256713621096
2021-12-01,Regular Inspection,1.0930256713621096
2021-12-02,Component Replacement,1.0930256713621096
2021-12-03,Component Replacement,1.0930256713621096
2021-12-04,Repair,1.0930256713621096
2021-12-05,Regular Inspection,1.0930256713621096
2021-12-06,Repair,1.0930256713621096
2021-12-07,Regular Inspection,1.0930256713621096
2021-12-08,Regular Inspection,1.0930256713621096
2021-12-09,Regular Inspection,1.0930256713621096
2021-12-10,Regular Inspection,1.0930256713621096
2021-12-11,Repair,1.0930256713621096
2021-12-12,Regular Inspection,1.0930256713621096
2021-12-13,Regular Inspection,1.0930256713621096
2021-12-14,Regular Inspection,1.0930256713621096
2021-12-15,Regular Inspection,1.0930256713621096
2021-12-16,Repair,1.0930256713621096
2021-12-17,Component Replacement,1.0930256713621096
2021-12-18,Component Replacement,1.0930256713621096
2021-12-19,Repair,1.0930256713621096
2021-12-20,Regular Inspection,1.0930256713621096
2021-12-21,Regular Inspection,1.0930256713621096
2021-12-22,Component Replacement,1.0930256713621096
2021-12-23,Repair,1.0930256713621096
2021-12-24,Component Replacement,1.0930256713621096
2021-12-25,Regular Inspection,1.0930256713621096
2021-12-26,Repair,1.0930256713621096
2021-12-27,Component Replacement,1.0930256713621096
2021-12-28,Repair,1.0930256713621096
2021-12-29,Regular Inspection,1.0930256713621096
2021-12-30,Component Replacement,1.0930256713621096
2021-12-31,Repair,1.0930256713621096
