Date,Maintenance Type,Weight
2022-01-01,Component Replacement,2.846502541575683
2022-01-02,Component Replacement,2.846502541575683
2022-01-03,Component Replacement,2.846502541575683
2022-01-04,Repair,2.846502541575683
2022-01-05,Regular Inspection,2.846502541575683
2022-01-06,Repair,2.846502541575683
2022-01-07,Regular Inspection,2.846502541575683
2022-01-08,Component Replacement,2.846502541575683
2022-01-09,Regular Inspection,2.846502541575683
2022-01-10,Component Replacement,2.846502541575683
2022-01-11,Repair,2.846502541575683
2022-01-12,Repair,2.846502541575683
2022-01-13,Component Replacement,2.846502541575683
2022-01-14,Repair,2.846502541575683
2022-01-15,Repair,2.846502541575683
2022-01-16,Repair,2.846502541575683
2022-01-17,Repair,2.846502541575683
2022-01-18,Repair,2.846502541575683
2022-01-19,Regular Inspection,2.846502541575683
2022-01-20,Component Replacement,2.846502541575683
2022-01-21,Regular Inspection,2.846502541575683
2022-01-22,Regular Inspection,2.846502541575683
2022-01-23,Repair,2.846502541575683
2022-01-24,Component Replacement,2.846502541575683
2022-01-25,Component Replacement,2.846502541575683
2022-01-26,Component Replacement,2.846502541575683
2022-01-27,Regular Inspection,2.846502541575683
2022-01-28,Repair,2.846502541575683
2022-01-29,Regular Inspection,2.846502541575683
2022-01-30,Regular Inspection,2.846502541575683
2022-01-31,Repair,2.846502541575683
2022-02-01,Component Replacement,2.846502541575683
2022-02-02,Repair,2.846502541575683
2022-02-03,Regular Inspection,2.846502541575683
2022-02-04,Repair,2.846502541575683
2022-02-05,Repair,2.846502541575683
2022-02-06,Component Replacement,2.846502541575683
2022-02-07,Repair,2.846502541575683
2022-02-08,Component Replacement,2.846502541575683
2022-02-09,Repair,2.846502541575683
2022-02-10,Component Replacement,2.846502541575683
2022-02-11,Repair,2.846502541575683
2022-02-12,Regular Inspection,2.846502541575683
2022-02-13,Repair,2.846502541575683
2022-02-14,Component Replacement,2.846502541575683
2022-02-15,Repair,2.846502541575683
2022-02-16,Regular Inspection,2.846502541575683
2022-02-17,Repair,2.846502541575683
2022-02-18,Repair,2.846502541575683
2022-02-19,Regular Inspection,2.846502541575683
2022-02-20,Repair,2.846502541575683
2022-02-21,Repair,2.846502541575683
2022-02-22,Repair,2.846502541575683
2022-02-23,Regular Inspection,2.846502541575683
2022-02-24,Regular Inspection,2.846502541575683
2022-02-25,Repair,2.846502541575683
2022-02-26,Regular Inspection,2.846502541575683
2022-02-27,Component Replacement,2.846502541575683
2022-02-28,Component Replacement,2.846502541575683
2022-03-01,Repair,2.846502541575683
2022-03-02,Component Replacement,2.846502541575683
2022-03-03,Component Replacement,2.846502541575683
2022-03-04,Repair,2.846502541575683
2022-03-05,Component Replacement,2.846502541575683
2022-03-06,Regular Inspection,2.846502541575683
2022-03-07,Regular Inspection,2.846502541575683
2022-03-08,Regular Inspection,2.846502541575683
2022-03-09,Component Replacement,2.846502541575683
2022-03-10,Regular Inspection,2.846502541575683
2022-03-11,Repair,2.846502541575683
2022-03-12,Repair,2.846502541575683
2022-03-13,Component Replacement,2.846502541575683
2022-03-14,Regular Inspection,2.846502541575683
2022-03-15,Repair,2.846502541575683
2022-03-16,Repair,2.846502541575683
2022-03-17,Repair,2.846502541575683
2022-03-18,Repair,2.846502541575683
2022-03-19,Regular Inspection,2.846502541575683
2022-03-20,Component Replacement,2.846502541575683
2022-03-21,Regular Inspection,2.846502541575683
2022-03-22,Component Replacement,2.846502541575683
2022-03-23,Repair,2.846502541575683
2022-03-24,Regular Inspection,2.846502541575683
2022-03-25,Component Replacement,2.846502541575683
2022-03-26,Component Replacement,2.846502541575683
2022-03-27,Component Replacement,2.846502541575683
2022-03-28,Repair,2.846502541575683
2022-03-29,Repair,2.846502541575683
2022-03-30,Component Replacement,2.846502541575683
2022-03-31,Repair,2.846502541575683
2022-04-01,Component Replacement,2.846502541575683
2022-04-02,Regular Inspection,2.846502541575683
2022-04-03,Component Replacement,2.846502541575683
2022-04-04,Repair,2.846502541575683
2022-04-05,Regular Inspection,2.846502541575683
2022-04-06,Component Replacement,2.846502541575683
2022-04-07,Component Replacement,2.846502541575683
2022-04-08,Regular Inspection,2.846502541575683
2022-04-09,Component Replacement,2.846502541575683
2022-04-10,Repair,2.846502541575683
2022-04-11,Regular Inspection,2.846502541575683
2022-04-12,Regular Inspection,2.846502541575683
2022-04-13,Component Replacement,2.846502541575683
2022-04-14,Component Replacement,2.846502541575683
2022-04-15,Repair,2.846502541575683
2022-04-16,Regular Inspection,2.846502541575683
2022-04-17,Repair,2.846502541575683
2022-04-18,Repair,2.846502541575683
2022-04-19,Component Replacement,2.846502541575683
2022-04-20,Component Replacement,2.846502541575683
2022-04-21,Repair,2.846502541575683
2022-04-22,Repair,2.846502541575683
2022-04-23,Regular Inspection,2.846502541575683
2022-04-24,Component Replacement,2.846502541575683
2022-04-25,Repair,2.846502541575683
2022-04-26,Regular Inspection,2.846502541575683
2022-04-27,Component Replacement,2.846502541575683
2022-04-28,Regular Inspection,2.846502541575683
2022-04-29,Component Replacement,2.846502541575683
2022-04-30,Component Replacement,2.846502541575683
2022-05-01,Component Replacement,2.846502541575683
2022-05-02,Repair,2.846502541575683
2022-05-03,Regular Inspection,2.846502541575683
2022-05-04,Repair,2.846502541575683
2022-05-05,Repair,2.846502541575683
2022-05-06,Repair,2.846502541575683
2022-05-07,Regular Inspection,2.846502541575683
2022-05-08,Regular Inspection,2.846502541575683
2022-05-09,Regular Inspection,2.846502541575683
2022-05-10,Regular Inspection,2.846502541575683
2022-05-11,Regular Inspection,2.846502541575683
2022-05-12,Repair,2.846502541575683
2022-05-13,Regular Inspection,2.846502541575683
2022-05-14,Component Replacement,2.846502541575683
2022-05-15,Regular Inspection,2.846502541575683
2022-05-16,Repair,2.846502541575683
2022-05-17,Regular Inspection,2.846502541575683
2022-05-18,Regular Inspection,2.846502541575683
2022-05-19,Regular Inspection,2.846502541575683
2022-05-20,Regular Inspection,2.846502541575683
2022-05-21,Repair,2.846502541575683
2022-05-22,Component Replacement,2.846502541575683
2022-05-23,Component Replacement,2.846502541575683
2022-05-24,Repair,2.846502541575683
2022-05-25,Repair,2.846502541575683
2022-05-26,Regular Inspection,2.846502541575683
2022-05-27,Component Replacement,2.846502541575683
2022-05-28,Repair,2.846502541575683
2022-05-29,Regular Inspection,2.846502541575683
2022-05-30,Repair,2.846502541575683
2022-05-31,Regular Inspection,2.846502541575683
2022-06-01,Repair,2.846502541575683
2022-06-02,Regular Inspection,2.846502541575683
2022-06-03,Repair,2.846502541575683
2022-06-04,Repair,2.846502541575683
2022-06-05,Regular Inspection,2.846502541575683
2022-06-06,Regular Inspection,2.846502541575683
2022-06-07,Component Replacement,2.846502541575683
2022-06-08,Repair,2.846502541575683
2022-06-09,Component Replacement,2.846502541575683
2022-06-10,Repair,2.846502541575683
2022-06-11,Component Replacement,2.846502541575683
2022-06-12,Component Replacement,2.846502541575683
2022-06-13,Repair,2.846502541575683
2022-06-14,Component Replacement,2.846502541575683
2022-06-15,Regular Inspection,2.846502541575683
2022-06-16,Component Replacement,2.846502541575683
2022-06-17,Repair,2.846502541575683
2022-06-18,Regular Inspection,2.846502541575683
2022-06-19,Component Replacement,2.846502541575683
2022-06-20,Repair,2.846502541575683
2022-06-21,Component Replacement,2.846502541575683
2022-06-22,Regular Inspection,2.846502541575683
2022-06-23,Repair,2.846502541575683
2022-06-24,Regular Inspection,2.846502541575683
2022-06-25,Repair,2.846502541575683
2022-06-26,Component Replacement,2.846502541575683
2022-06-27,Component Replacement,2.846502541575683
2022-06-28,Repair,2.846502541575683
2022-06-29,Regular Inspection,2.846502541575683
2022-06-30,Component Replacement,2.846502541575683
2022-07-01,Repair,2.846502541575683
2022-07-02,Component Replacement,2.846502541575683
2022-07-03,Repair,2.846502541575683
2022-07-04,Repair,2.846502541575683
2022-07-05,Repair,2.846502541575683
2022-07-06,Regular Inspection,2.846502541575683
2022-07-07,Component Replacement,2.846502541575683
2022-07-08,Regular Inspection,2.846502541575683
2022-07-09,Repair,2.846502541575683
2022-07-10,Component Replacement,2.846502541575683
2022-07-11,Repair,2.846502541575683
2022-07-12,Regular Inspection,2.846502541575683
2022-07-13,Regular Inspection,2.846502541575683
2022-07-14,Component Replacement,2.846502541575683
2022-07-15,Component Replacement,2.846502541575683
2022-07-16,Regular Inspection,2.846502541575683
2022-07-17,Repair,2.846502541575683
2022-07-18,Repair,2.846502541575683
2022-07-19,Regular Inspection,2.846502541575683
2022-07-20,Regular Inspection,2.846502541575683
2022-07-21,Component Replacement,2.846502541575683
2022-07-22,Regular Inspection,2.846502541575683
2022-07-23,Component Replacement,2.846502541575683
2022-07-24,Regular Inspection,2.846502541575683
2022-07-25,Repair,2.846502541575683
2022-07-26,Repair,2.846502541575683
2022-07-27,Regular Inspection,2.846502541575683
2022-07-28,Component Replacement,2.846502541575683
2022-07-29,Regular Inspection,2.846502541575683
2022-07-30,Component Replacement,2.846502541575683
2022-07-31,Regular Inspection,2.846502541575683
2022-08-01,Regular Inspection,2.846502541575683
2022-08-02,Repair,2.846502541575683
2022-08-03,Repair,2.846502541575683
2022-08-04,Repair,2.846502541575683
2022-08-05,Component Replacement,2.846502541575683
2022-08-06,Regular Inspection,2.846502541575683
2022-08-07,Regular Inspection,2.846502541575683
2022-08-08,Component Replacement,2.846502541575683
2022-08-09,Regular Inspection,2.846502541575683
2022-08-10,Repair,2.846502541575683
2022-08-11,Regular Inspection,2.846502541575683
2022-08-12,Component Replacement,2.846502541575683
2022-08-13,Repair,2.846502541575683
2022-08-14,Component Replacement,2.846502541575683
2022-08-15,Component Replacement,2.846502541575683
2022-08-16,Repair,2.846502541575683
2022-08-17,Component Replacement,2.846502541575683
2022-08-18,Regular Inspection,2.846502541575683
2022-08-19,Component Replacement,2.846502541575683
2022-08-20,Component Replacement,2.846502541575683
2022-08-21,Regular Inspection,2.846502541575683
2022-08-22,Repair,2.846502541575683
2022-08-23,Repair,2.846502541575683
2022-08-24,Repair,2.846502541575683
2022-08-25,Regular Inspection,2.846502541575683
2022-08-26,Component Replacement,2.846502541575683
2022-08-27,Component Replacement,2.846502541575683
2022-08-28,Regular Inspection,2.846502541575683
2022-08-29,Regular Inspection,2.846502541575683
2022-08-30,Regular Inspection,2.846502541575683
2022-08-31,Regular Inspection,2.846502541575683
2022-09-01,Repair,2.846502541575683
2022-09-02,Repair,2.846502541575683
2022-09-03,Repair,2.846502541575683
2022-09-04,Component Replacement,2.846502541575683
2022-09-05,Regular Inspection,2.846502541575683
2022-09-06,Regular Inspection,2.846502541575683
2022-09-07,Repair,2.846502541575683
2022-09-08,Component Replacement,2.846502541575683
2022-09-09,Component Replacement,2.846502541575683
2022-09-10,Repair,2.846502541575683
2022-09-11,Component Replacement,2.846502541575683
2022-09-12,Component Replacement,2.846502541575683
2022-09-13,Repair,2.846502541575683
2022-09-14,Regular Inspection,2.846502541575683
2022-09-15,Component Replacement,2.846502541575683
2022-09-16,Regular Inspection,2.846502541575683
2022-09-17,Component Replacement,2.846502541575683
2022-09-18,Repair,2.846502541575683
2022-09-19,Component Replacement,2.846502541575683
2022-09-20,Repair,2.846502541575683
2022-09-21,Regular Inspection,2.846502541575683
2022-09-22,Regular Inspection,2.846502541575683
2022-09-23,Repair,2.846502541575683
2022-09-24,Regular Inspection,2.846502541575683
2022-09-25,Repair,2.846502541575683
2022-09-26,Regular Inspection,2.846502541575683
2022-09-27,Repair,2.846502541575683
2022-09-28,Component Replacement,2.846502541575683
2022-09-29,Repair,2.846502541575683
2022-09-30,Repair,2.846502541575683
2022-10-01,Component Replacement,2.846502541575683
2022-10-02,Repair,2.846502541575683
2022-10-03,Repair,2.846502541575683
2022-10-04,Repair,2.846502541575683
2022-10-05,Component Replacement,2.846502541575683
2022-10-06,Component Replacement,2.846502541575683
2022-10-07,Repair,2.846502541575683
2022-10-08,Component Replacement,2.846502541575683
2022-10-09,Regular Inspection,2.846502541575683
2022-10-10,Regular Inspection,2.846502541575683
2022-10-11,Repair,2.846502541575683
2022-10-12,Regular Inspection,2.846502541575683
2022-10-13,Repair,2.846502541575683
2022-10-14,Repair,2.846502541575683
2022-10-15,Component Replacement,2.846502541575683
2022-10-16,Repair,2.846502541575683
2022-10-17,Regular Inspection,2.846502541575683
2022-10-18,Repair,2.846502541575683
2022-10-19,Component Replacement,2.846502541575683
2022-10-20,Regular Inspection,2.846502541575683
2022-10-21,Repair,2.846502541575683
2022-10-22,Repair,2.846502541575683
2022-10-23,Regular Inspection,2.846502541575683
2022-10-24,Component Replacement,2.846502541575683
2022-10-25,Repair,2.846502541575683
2022-10-26,Component Replacement,2.846502541575683
2022-10-27,Component Replacement,2.846502541575683
2022-10-28,Repair,2.846502541575683
2022-10-29,Component Replacement,2.846502541575683
2022-10-30,Repair,2.846502541575683
2022-10-31,Repair,2.846502541575683
2022-11-01,Regular Inspection,2.846502541575683
2022-11-02,Repair,2.846502541575683
2022-11-03,Repair,2.846502541575683
2022-11-04,Component Replacement,2.846502541575683
2022-11-05,Regular Inspection,2.846502541575683
2022-11-06,Regular Inspection,2.846502541575683
2022-11-07,Repair,2.846502541575683
2022-11-08,Component Replacement,2.846502541575683
2022-11-09,Repair,2.846502541575683
2022-11-10,Component Replacement,2.846502541575683
2022-11-11,Repair,2.846502541575683
2022-11-12,Repair,2.846502541575683
2022-11-13,Repair,2.846502541575683
2022-11-14,Component Replacement,2.846502541575683
2022-11-15,Regular Inspection,2.846502541575683
2022-11-16,Component Replacement,2.846502541575683
2022-11-17,Regular Inspection,2.846502541575683
2022-11-18,Regular Inspection,2.846502541575683
2022-11-19,Component Replacement,2.846502541575683
2022-11-20,Repair,2.846502541575683
2022-11-21,Regular Inspection,2.846502541575683
2022-11-22,Repair,2.846502541575683
2022-11-23,Regular Inspection,2.846502541575683
2022-11-24,Repair,2.846502541575683
2022-11-25,Regular Inspection,2.846502541575683
2022-11-26,Component Replacement,2.846502541575683
2022-11-27,Component Replacement,2.846502541575683
2022-11-28,Repair,2.846502541575683
2022-11-29,Component Replacement,2.846502541575683
2022-11-30,Repair,2.846502541575683
2022-12-01,Regular Inspection,2.846502541575683
2022-12-02,Component Replacement,2.846502541575683
2022-12-03,Component Replacement,2.846502541575683
2022-12-04,Component Replacement,2.846502541575683
2022-12-05,Repair,2.846502541575683
2022-12-06,Repair,2.846502541575683
2022-12-07,Component Replacement,2.846502541575683
2022-12-08,Component Replacement,2.846502541575683
2022-12-09,Repair,2.846502541575683
2022-12-10,Component Replacement,2.846502541575683
2022-12-11,Repair,2.846502541575683
2022-12-12,Regular Inspection,2.846502541575683
2022-12-13,Component Replacement,2.846502541575683
2022-12-14,Regular Inspection,2.846502541575683
2022-12-15,Component Replacement,2.846502541575683
2022-12-16,Repair,2.846502541575683
2022-12-17,Repair,2.846502541575683
2022-12-18,Repair,2.846502541575683
2022-12-19,Repair,2.846502541575683
2022-12-20,Repair,2.846502541575683
2022-12-21,Repair,2.846502541575683
2022-12-22,Component Replacement,2.846502541575683
2022-12-23,Regular Inspection,2.846502541575683
2022-12-24,Component Replacement,2.846502541575683
2022-12-25,Regular Inspection,2.846502541575683
2022-12-26,Repair,2.846502541575683
2022-12-27,Component Replacement,2.846502541575683
2022-12-28,Repair,2.846502541575683
2022-12-29,Component Replacement,2.846502541575683
2022-12-30,Repair,2.846502541575683
2022-12-31,Component Replacement,2.846502541575683
